gabriel,luna,glunamaia@gmail.com,teste
gustavo,broxa,gustabroxagozaydorme@gmail.com,teste
brenda,gironba,girondofutvoleiruimdemias@gmail.com,shark
ana,maria,anachata@gmail.com,testou
Ana ,Lima,ana@gmail.com,1234
Ana,Limaaa,aninha123@gmail.com,12345678
aninha,limao,limaozinho@gmail.com,13456
anap,limap,anap@gmail.com,323123
anf,jmghnjg,anf@gmail.com,353243
aninhadograu,amdaskj,dograu3@gmail.com,131232
AnaM,Lim,ana12344534@gmail.com,12345678
namaria,limav,anainha@gmail.com,2321321
fdhdushfd,vdsvsdv,dvasdd@gmail.com,23423
aninha,pirefsdfsd,anajdh@gmail.com,21312342
Ana Maria,C,fwenfewj@gmail.com,12321
Luna,maias,mais@gmail.com,33432432
Namaria,Lima,sfsdfsdf@gmail.com,56y5654
Aninha,LSDNJSBF,dfrefre@gmail.com,324324
Bre,teste,fsdefsedf@gmail.com,23423432
gabriel,luna,teset@gmail.com,1
Maya,Massafera,mayazinha@gmail.com,34234
Angelita,Maria,angel@gmail.com,304394329
Evandro,Lima,evand@gmail.com,3242343
Zara,Lima,zaralima@gmail.com,3949
Xuxa,Mene,xuxa@gmail.com,23232
Angelita,Lima,angelitarr100@gmail.com,1234
Wawa,shutz,wawa@gmail.com,123
